{"static":200,"msg":"获取成功！","qqnum":"","username":"","nevdata":{"快速导航":{"info":[1,10,"0","大数据统计的常用快速导航站点"],"彪哥.TOP":["彪","https:\/\/彪哥.top\/","7","彪哥.TOP导航网官方站点访问"],"学习通":["通","http:\/\/i.chaoxing.com\/","1","课程学习,知识传播与管理分享"],"有道云笔记":["道","https:\/\/note.youdao.com\/web","3","创造高效便捷的笔记记录体验"],"微信文件传输":["微","https:\/\/szfilehelper.weixin.qq.com\/","4","使用手机微信扫码传输文件"],"CSDN":["Cs","https:\/\/www.csdn.net\/","5","全球知名中文IT技术交流平台"],"抖音":["抖","http:\/\/www.douyin.com\/?enter=guide","7","每个人看见并连接更大的世界"],"哔哩哔哩":["哩","http:\/\/www.bilibili.com\/","2","国内知名的视频弹幕网站"],"文心一言":["AI","https:\/\/yiyan.baidu.com\/","3","百度全新知识增强大语言模型AI"],"学习笔记":["记","\/note","7","自主开发的知识分享平台"],"手机CPU排行":["排","https:\/\/www.mydrivers.com\/zhuanti\/tianti\/01\/index.html","4","手机cpu性能天梯图"],"百度翻译":["翻","https:\/\/fanyi.baidu.com\/mtpe-individual\/multimodal#\/","2","支持全球200多个语言互译"]},"证书专栏":{"info":[1,22,"1","考取专业证书赢取美好未来"],"华为认证HC":["华","https:\/\/e.huawei.com\/cn\/talent\/portal\/#\/","3","全国ICT领域最广的认证"],"中小学教资":["教","http:\/\/ntce.neea.edu.cn\/","4","中小学教师资格考试"],"计算机软考":["软","https:\/\/bm.ruankao.org.cn\/sign\/welcome","5","计算机技术与软件专业技术资格"],"英语四级考":["英","https:\/\/cet.neea.edu.cn\/","6","全国大学英语四六级考试"],"英语应用A级":["应","http:\/\/shekao.hneao.cn\/cet\/","7","高等学校英语应用能力考试"],"计算机等级考":["计","https:\/\/ncre.neea.edu.cn\/","1","全国计算机等级考试NCRE"],"普通话测试":["普","https:\/\/bm.cltt.org\/#\/index","3","全国普通话水平测试PSC"],"学信网":["信","https:\/\/www.chsi.com.cn\/","4","中国高等教育学生信息网学信网"],"红帽认证RH":["红","https:\/\/www.redhat.com\/zh\/services\/certification\/rhce","5","红帽认证技师、工程师、架构师"],"思科认证CH":["思","https:\/\/learningnetwork.cisco.com\/s\/cn-cln","6","Cisco互联网领域国际权威认证"],"考研导航网":["研","http:\/\/kaoyan.run\/index","4","以考研为主题的导航网站"],"消防职业技能证":["消","https:\/\/xfhyjd.119.gov.cn\/#\/index\/","1","消防技能鉴定报名考核证书"],"特种作业证":["特","https:\/\/cx.mem.gov.cn\/","4","安全生产知识和管理能力考核"],"会计资格评证":["会","http:\/\/kzp.mof.gov.cn\/index.jsp","5","财政部会计资格评价中心官方"],"护士资格考证":["护","https:\/\/www.21wecan.com\/wsrcw\/c100199\/hushizhiyezhige.shtml","2","卫生专业技术资格、护士执业资格"],"法律职业资格":["法","https:\/\/www.moj.gov.cn\/pub\/sfbgw\/jgsz\/jgszzsdw\/zsdwgjsfkszx\/","6","法律职业资格考试官方网站"],"医师资格考证":["医","http:\/\/www.nmec.org.cn\/","4","全国医师资格考试报名官网"],"一级建造师":["建","https:\/\/jzszc.coc.gov.cn\/","5","住房和城乡建设部执业资格官网"],"导游资格证":["游","https:\/\/c-dy.exam-sp.com\/index.html#\/e\/dy2023\/module4","1","全国导游资格考试报名入口"],"通信专业资格":["通","http:\/\/www.txks.org.cn\/","2","通信专业技术人员职业水平证书"],"体育资格考":["体","https:\/\/www.sportosta.cn\/","6","国家体育总局 体育职业资格工作网"],"翻译资格证":["翻","http:\/\/cnwwj.com\/","1","全国翻译专业资格(水平)考试"]},"常见赛项":{"info":[1,11,"5","各种大赛官网"],"蓝桥杯":["蓝","https:\/\/dasai.lanqiao.cn\/","2","蓝桥杯全国软件和信息技术专业人才大赛"],"ACM编程大赛":["编","https:\/\/acm.cumt.edu.cn\/","3","国际大学生程序设计竞赛亚洲区域赛"],"大学生数学建模":["模","http:\/\/www.mcm.edu.cn\/","4","全国高校规模最大的基础性学科竞赛"],"大广赛":["广","https:\/\/www.sun-ada.net\/","2","大学生广告创意设计竞赛"],"公益广告赛":["益","http:\/\/gygg.people-media.cn\/","6","大学生公益广告大赛"],"大学生创新创业":["创","https:\/\/cy.ncss.cn\/","1","中国创新创业大赛"],"新华三杯":["新","https:\/\/www.h3c.com\/cn\/pub\/2023_Event\/Training\/h3c_cup2023\/default.htm","2","新华三杯全国大学生数字技术大赛"],"华为ICT大赛":["花","https:\/\/e.huawei.com\/cn\/talent\/ict-academy\/#\/ict-contest?compId=85131949","3","面向全球大学生的年度例行ICT赛事"],"软件杯":["软","https:\/\/www.cnsoftbei.com\/","4","大学生软件设计大赛是由工信部主办"],"大英赛":["英","http:\/\/www.chinaneccs.cn\/","5","全国大学生英语竞赛NECCS"],"职业规划大赛":["规","https:\/\/zgs.chsi.com.cn\/home","3","生涯教育与就业指导贯穿招生培养就业"]},"政务办事":{"info":[1,6,"6","国家政务办事官方站点"],"湖南专升本":["本","https:\/\/zsb.hneao.cn\/ks","2","湖南省普通高等学校专升本考试"],"三支一扶":["扶","https:\/\/chrm.mohrss.gov.cn\/%E9%AB%98%E6%A0%A1%E6%AF%95%E4%B8%9A%E7%94%9F%E4%B8%89%E6%94%AF%E4%B8%80%E6%89%B6%E8%AE%A1%E5%88%92\/","3","高校毕业生“三支一扶”计划"],"西部计划":["西","http:\/\/xibu.youth.cn\/","6","大学生志愿服务西部计划网"],"国家公务员":["公","http:\/\/bm.scs.gov.cn\/pp\/gkweb\/core\/web\/ui\/business\/home\/gkhome.html","5","中央机关及其直属机构考试"],"中国人事考试网":["考","http:\/\/www.cpta.com.cn\/index.html","6","人力资源和社会保障部人事考试中心"],"中国版权中心":["版","https:\/\/www.ccopyright.com.cn\/","5","向登记机关进行登记备案的方式进行权益保护的行为"]},"学习专区":{"info":[1,10,"1","好好学习，天天向上"],"湖南考试信息":["考","https:\/\/www.hneeb.cn\/hnxxg\/792\/795\/index.htm","7","湖南招生考试信息港官方发布"],"中国大学":["慕","http:\/\/icourse163.org\/","2","在线学习中国优质的大学课程"],"Edx开放网课":["Px","https:\/\/www.edx.org\/","5","麻省理工和哈佛大学开放网课"],"Java学习":["Ja","https:\/\/codegym.cc\/zh\/me","4","学习 Java 语言的在线课程"],"编程|刷题":["编","https:\/\/www.codewars.com\/","2","实战训练编程开发技能"],"优学院":["优","https:\/\/courseweb.ulearning.cn\/ulearning\/index.html#\/index\/portal","6","实现在线教学与课堂教学相结合的SPOC教学模式"],"Kimi":["Ki","https:\/\/kimi.moonshot.cn\/","7","一个有着超大“内存”的智能AI助手"],"豆包":["豆","https:\/\/www.doubao.com\/chat\/","3","基于云雀模型开发的AI工具，提供聊天机器人、写作助手"],"讯飞星火":["讯","https:\/\/xinghuo.xfyun.cn\/desk?ch=xhweb_4Xq","4","新一代认知智能大模型AI,拥有跨领域的知识和语言理解能力"],"教学立方":["教","https:\/\/teaching.applysquare.com\/","1","教学立方有效解决了传统课堂的教学互动手段匮乏"]},"开发工具":{"info":[1,23,"2","自主学习，助力每一个梦想"],"腾讯云":["讯","https:\/\/cloud.tencent.com\/","1","提供安全稳定的云计算服务"],"菜鸟教程":["菜","https:\/\/www.runoob.com\/","3","提供了编程的基础技术教程"],"W3school":["W","http:\/\/www.w3school.com.cn\/","5","专业编程入门学习及技术文档"],"博客园":["博","https:\/\/www.cnblogs.com\/","7","面向开发者的知识分享社区"],"站长之家":["站","https:\/\/ntool.chinaz.com\/tools\/nav","6","为站点提供资讯技术资源服务"],"脚本之家":["脚","https:\/\/www.jb51.net\/","7","网站建设资源、脚本编程学习"],"吾爱破-解":["吾","https:\/\/www.52pojie.cn\/index.php","5","致力于软件安全病毒分析前沿"],"Gitee":["Gi","https:\/\/gitee.com\/dashboard","1","提供中国地区的代码托管服务"],"即时工具箱":["即","https:\/\/www.67tool.com\/","4","致力开发即用即走型在线工具"],"PDF转换器":["迅","https:\/\/app.xunjiepdf.com\/","2","完全免费的在线PDF转换器"],"图片压缩":["压","https:\/\/www.bejson.com\/ui\/compress_img\/","6","快速在线压缩工具"],"开发者社区":["颜","https:\/\/cloud.tencent.com\/developer\/doc\/1018","4","全部的开发者文档教程,腾讯云"],"开发工具箱":["工","https:\/\/tool.lu\/","1","开发类小工具合集的桌面应用"],"在线运行代码":["运","https:\/\/tool.lu\/coderunner\/","3","在线运行工具可实现在线编译"],"取色器":["色","http:\/\/zxqsq.wiicha.com\/","6","简单实用在线取色器工具"],"ZFont":["字","https:\/\/zfont.cn\/","3","免费商用中文字体查找"],"库CDN加速":["速","https:\/\/www.bootcdn.cn\/","1","稳定免费的前端项目CDN加速"],"免费API":["Ai","https:\/\/api.aa1.cn\/","6","夏柔-分享的API永不收费"],"Github":["Gi","https:\/\/github.com\/","3","面向开源及私有软件项目的托管"],"免费代码训练营":["代","https:\/\/www.freecodecamp.org\/","4","帮助全世界人们免费学习编程"],"Uni-app":["U","https:\/\/uniapp.dcloud.net.cn\/","1","一个使用Vue.js开发所有前端应用的框架"],"Element UI":["E","https:\/\/element.eleme.cn\/#\/zh-CN","3","提供了配套设计资源，帮助你的网站快速成型"],"VUE官网":["vu","https:\/\/cn.vuejs.org\/","4","Vue.js 是一款易学易用，性能出色，适用场景丰富的 Web 前端框架"]},"设计类工具":{"info":[1,10,"4","设计灵感，提高审美"],"美叶":["美","https:\/\/www.meiye.art\/","2","美叶,优质设计内容推荐平台"],"AI抠图":["抠","https:\/\/www.remove.bg\/zh","4","基于人工智能的在线抠图服务"],"MUZ图类":["图","https:\/\/muz.li\/","6","设计灵感博客、新闻和趋势"],"阿里库图标":["阿","https:\/\/www.iconfont.cn\/","7","国内功能强大的矢量图标库"],"Logo生成":["Lo","https:\/\/worldvectorlogo.com\/","5","免费品牌LOGO素材下载网站"],"图文|ALL":["素","https:\/\/all-free-download.com\/","1","图标模板矢量图PSD等素材"],"Videvo":["材","https:\/\/www.videvo.net\/","3","各种风格高质量视频素材网站"],"图片素材|灵感":["灵","https:\/\/www.pexels.com\/collections\/hygge-cuy17hv\/","1","大型丰富免费素材图片和视频"],"公众号编辑":["96","https:\/\/bj.96weixin.com\/","2","微信公众平台在线编辑排版工具"],"花瓣网":["瓣","https:\/\/huaban.com\/","3","花瓣网, 设计师寻找灵感的天堂!"]},"资源与搜索":{"info":[1,13,"5","全网资源快速定位，免费获取"],"蓝奏云盘":["蓝","https:\/\/www.lanzou.com\/u","4","蓝奏云储文件下载秒级响应"],"阿里网盘":["阿","https:\/\/www.aliyundrive.com\/","5","速度快不打扰够安全易于分享"],"夸克网盘":["夸","https:\/\/pan.quark.cn\/#\/user\/login?callback=%2F","6","云存储高清看剧文件在线解压"],"简域云盘":["简","https:\/\/xn--kwrr8v.top\/wp","7","本平台快速简洁在线共享云盘"],"猫狸盘搜":["狸","https:\/\/www.alipansou.com\/","1","强效的网络资源搜索工具"],"VIP影视解析":["解","https:\/\/vip.fxw.la\/","5","免费提供VIP视频解析服务"],"拔云小说":["拔","https:\/\/www.boyunso.com\/","6","免费全文无弹窗纯文字"],"123盘":["12","https:\/\/www.123pan.com\/login","4","小巧强大的云盘服务软件"],"兄弟盘":["兄","https:\/\/xiongdipan.com\/","1","百度资源全网磁力搜索"],"爱盘搜":["爱","https:\/\/aipanso.com\/","2","迅雷资源全网磁力搜索"],"抖音解析":["抖","https:\/\/www.dy114.com\/douyin?ivk_sa=1024320u","3","抖音短视频解析全能下载器"],"哔哩哔哩解析":["哔","https:\/\/bili.iiilab.com\/","2","视频解析视频番剧影视动画"],"清华镜像":["清","https:\/\/mirrors.tuna.tsinghua.edu.cn\/","1","清华大学开源软件镜像站，国内快速下载\r\n"]},"其他常用":{"info":[1,9,"6","类别较少，但依旧很强的工具"],"88完美邮箱":["邮","https:\/\/mail.88.com\/mail\/","3","专注于沟通免费电子办公邮箱"],"测网速":["速","https:\/\/www.speedtest.cn\/","4","网速网络质量宽带Wi-Fi测速"],"草料二维码":["码","https:\/\/cli.im\/","5","简单实用二维码系统搭建平台"],"微信公众号":["微","https:\/\/mp.weixin.qq.com\/cgi-bin\/home?t=home\/index&lang=zh_CN&token=1575774364","1","微信公众平台,业务管理服务"],"地球在线":["球","https:\/\/www.earthol.com\/","7","采用Google开放接口技术构建"],"在线配音":["配","https:\/\/ttsmaker.cn\/","5","免费的文本转语音工具语音合成"],"在线打字测试":["打","https:\/\/dazi.kukuw.com\/","1","练习中文和英文打字的国内网站"],"驾考宝典在线":["驾","https:\/\/www.jiakaobaodian.com\/mnks\/exercise\/0-car-kemu1.html?id=800500","2","驾驶员在线模拟考试科目一刷题"],"3D游戏在线玩":["游","https:\/\/www.crazygames.com\/","3","免费在线HTML5游戏！玩高质量的浏览器游戏。"]}},"topdata":{"校园导航":{"计科课程表":"\/class","缴费通道":"https:\/\/zhcw.hynu.edu.cn\/xysf\/","衡阳师范官网":"http:\/\/www.hynu.cn\/","南岳学院官网":"https:\/\/nyxy.hynu.edu.cn\/index.htm","教务系统":"http:\/\/192.168.88.122","info":[1,5]},"简域云盘":{"简域云盘":"\/wp\/","info":[1,1]},"TOP博客":{"TOP博客":"\/note\/","info":[1,1]},"更多服务":{"仿手写生成":"\/w\/仿手写","图片收集表":"\/upfile\/","TOP留言板":"\/msg\/","个人主页":"\/wb\/","创作者中心":"\/admin\/upg.php","捐赠我们":"https:\/\/www.xn--kwrr8v.top\/wb\/index.html?#skm","网页小游戏":"\/game\/","Word Online":"\/edu\/word\/","TOP聊天室":"\/chat","info":[1,9]},"W子网站":{"专升本信息":"\/zsb\/","运动步数":"\/w\/010.html","1503歌单":"\/w\/1503.html","湖汽单招":"\/w\/dz\/","网络2101App":"\/web2101\/app","红旗头像制作":"\/w\/10\/","行程卡纪念版":"\/w\/xck\/","站点历程":"\/style\/timeline.php","更多站点":"\/w\/","info":[1,9]},"湖汽导航":{"班级导航":"\/web2101\/","学工处":"http:\/\/xggl.hnqczy.com\/index","湖汽官网":"http:\/\/www.hnqczy.com\/Index.html","教务系统":"http:\/\/cas.hnqczy.com:8002\/cas\/login?service=http:\/\/jw.hnqczy.com\/caslogin","info":[1,4]}}}